dataset_id,relative_path,filename,file_type,size_bytes,sha256,source_url,download_date,notes
df20,data/raw/df20/DF20-metadata.zip,DF20-metadata.zip,zip,29089651,a6d75583ebf051c96b530ab99fa934967bdd19c4586ad310fc2180fb7495e6b0,http://ptak.felk.cvut.cz/plants/DanishFungiDataset/DF20-metadata.zip,2026-09-18,Metadatos oficiales de DF20 (CSV de train y test público)
df20,data/raw/df20/api/official_download_head_probes.json,official_download_head_probes.json,json,683,ab5b8e77692b2d6d18ffffe161c649201481da9f14e65877ef2a30b450e09bbc,http://ptak.felk.cvut.cz/plants/DanishFungiDataset,2026-09-19,Instantánea de la consulta 'official_download_head_probes'
fungitastic,data/raw/fungitastic/api/kaggle_dataset_view.json,kaggle_dataset_view.json,json,21093,2c1a216f730598e69baf03c50af6db03543c3072824906b5e04fb7887acc72fe,https://www.kaggle.com/api/v1/datasets/view/picekl/fungitastic,2026-09-18,Instantánea de la consulta 'kaggle_dataset_view'
fungitastic,data/raw/fungitastic/api/official_download_head_probes.json,official_download_head_probes.json,json,2412,a0c5d2627506c11a7343a9a9fe6d0b68906f4a3834bea1579df24dc8955e108b,https://cmp.felk.cvut.cz/datagrid/FungiTastic/shared/download,2026-09-19,Instantánea de la consulta 'official_download_head_probes'
fungitastic,data/raw/fungitastic/metadata.zip,metadata.zip,zip,327493894,b1dc1d24714d9522c545d8cdd8f7e6dd9999afe2620d271aeb761f1def0719ac,https://cmp.felk.cvut.cz/datagrid/FungiTastic/shared/download/metadata.zip,2026-09-18,"Paquete oficial de metadatos (CSV train/val/test/DNA de los subconjuntos completo, Mini y FewShot)"
gbif,data/raw/gbif/api/danish_mycological_dataset_all.json,danish_mycological_dataset_all.json,json,110,5d834cfa60dcb0ab3aedbe0e2459e1450601cfe334bbc63a0bcc037377cde629,https://api.gbif.org/v1/occurrence/search,2026-09-18,Instantánea de la consulta 'danish_mycological_dataset_all'
gbif,data/raw/gbif/api/danish_mycological_dataset_stillimage.json,danish_mycological_dataset_stillimage.json,json,109,d1795429302ebe40f7056d7704d793aedd4babfc92b937af71efac45da0cdcb4,https://api.gbif.org/v1/occurrence/search,2026-09-18,Instantánea de la consulta 'danish_mycological_dataset_stillimage'
gbif,data/raw/gbif/api/dataset_239f2462-dbfb-4a47-a5f0-1b7b23b91221.json,dataset_239f2462-dbfb-4a47-a5f0-1b7b23b91221.json,json,28088,b81a4ceb283b2d5263c04fe20edd4c856f3bb2fafb908c15225675ed582567c3,https://api.gbif.org/v1/dataset/239f2462-dbfb-4a47-a5f0-1b7b23b91221,2026-09-18,Instantánea de la consulta 'dataset_239f2462-dbfb-4a47-a5f0-1b7b23b91221'
gbif,data/raw/gbif/api/dataset_2e8ab72b-5931-4e04-b8ff-e1fb61305d17.json,dataset_2e8ab72b-5931-4e04-b8ff-e1fb61305d17.json,json,4611,bbfbf0e205957cd81786608944ae584ec8fbac8d6af17bd83af22592b6fe616a,https://api.gbif.org/v1/dataset/2e8ab72b-5931-4e04-b8ff-e1fb61305d17,2026-09-18,Instantánea de la consulta 'dataset_2e8ab72b-5931-4e04-b8ff-e1fb61305d17'
gbif,data/raw/gbif/api/dataset_33044985-693e-42ad-93e7-ec3b0b345978.json,dataset_33044985-693e-42ad-93e7-ec3b0b345978.json,json,18481,3e36078e3d866b310d8f48051234ccc3299c1e6a16af287c32ab8930fb239d0b,https://api.gbif.org/v1/dataset/33044985-693e-42ad-93e7-ec3b0b345978,2026-09-18,Instantánea de la consulta 'dataset_33044985-693e-42ad-93e7-ec3b0b345978'
gbif,data/raw/gbif/api/dataset_50c9509d-22c7-4a22-a47d-8c48425ef4a7.json,dataset_50c9509d-22c7-4a22-a47d-8c48425ef4a7.json,json,138428,0814639fdeb97b575b135f7d1775a1acb6d8ebaee5587a25102395c16262e1fd,https://api.gbif.org/v1/dataset/50c9509d-22c7-4a22-a47d-8c48425ef4a7,2026-09-18,Instantánea de la consulta 'dataset_50c9509d-22c7-4a22-a47d-8c48425ef4a7'
gbif,data/raw/gbif/api/dataset_5a6538b8-e35c-46c4-8978-6858a657a75f.json,dataset_5a6538b8-e35c-46c4-8978-6858a657a75f.json,json,6308,7ef9dda61c70708959c3e298420406d7c90ddfc4a211b5d42a35ae744f26f92c,https://api.gbif.org/v1/dataset/5a6538b8-e35c-46c4-8978-6858a657a75f,2026-09-18,Instantánea de la consulta 'dataset_5a6538b8-e35c-46c4-8978-6858a657a75f'
gbif,data/raw/gbif/api/dataset_7ba21c92-f762-11e1-a439-00145eb45e9a.json,dataset_7ba21c92-f762-11e1-a439-00145eb45e9a.json,json,6300,615a747dc7e4a857d41a1037cdbd1af6ba52c4fff0ac169f8a31968c61385cfc,https://api.gbif.org/v1/dataset/7ba21c92-f762-11e1-a439-00145eb45e9a,2026-09-18,Instantánea de la consulta 'dataset_7ba21c92-f762-11e1-a439-00145eb45e9a'
gbif,data/raw/gbif/api/dataset_7ed55b51-4336-4f74-a05a-274afffe771f.json,dataset_7ed55b51-4336-4f74-a05a-274afffe771f.json,json,7396,f78774d909ef879ca9b9b4291fc2ec430d909a52529ca4f26dcc183cd28cb540,https://api.gbif.org/v1/dataset/7ed55b51-4336-4f74-a05a-274afffe771f,2026-09-18,Instantánea de la consulta 'dataset_7ed55b51-4336-4f74-a05a-274afffe771f'
gbif,data/raw/gbif/api/dataset_81e6cff2-b409-417e-8c72-e1bbafb7c61f.json,dataset_81e6cff2-b409-417e-8c72-e1bbafb7c61f.json,json,10118,f76a4f6fc38e76cbf7d7d22b4eaca8d0912869775d8597b279e2d76c96f0c0db,https://api.gbif.org/v1/dataset/81e6cff2-b409-417e-8c72-e1bbafb7c61f,2026-09-18,Instantánea de la consulta 'dataset_81e6cff2-b409-417e-8c72-e1bbafb7c61f'
gbif,data/raw/gbif/api/dataset_821cc27a-e3bb-4bc5-ac34-89ada245069d.json,dataset_821cc27a-e3bb-4bc5-ac34-89ada245069d.json,json,23291,d000fb8dae3b2ba364ed55aaae550c27d25dfa31f9ec478af7fa1cad3ee6ac8a,https://api.gbif.org/v1/dataset/821cc27a-e3bb-4bc5-ac34-89ada245069d,2026-09-18,Instantánea de la consulta 'dataset_821cc27a-e3bb-4bc5-ac34-89ada245069d'
gbif,data/raw/gbif/api/dataset_9f99a46b-d812-45a2-b51a-3f48f65357b5.json,dataset_9f99a46b-d812-45a2-b51a-3f48f65357b5.json,json,22806,a32df928d36e1a79d975731ca7457f882819235556af4050d0fb769465e1d1b5,https://api.gbif.org/v1/dataset/9f99a46b-d812-45a2-b51a-3f48f65357b5,2026-09-18,Instantánea de la consulta 'dataset_9f99a46b-d812-45a2-b51a-3f48f65357b5'
gbif,data/raw/gbif/api/dataset_b258e0d8-d282-4d84-898a-655c5375f645.json,dataset_b258e0d8-d282-4d84-898a-655c5375f645.json,json,7009,f0be2fab02af6fc4ec2a7dbaa38303d2e055d7a9a7950559b3cbdf260ded7ca7,https://api.gbif.org/v1/dataset/b258e0d8-d282-4d84-898a-655c5375f645,2026-09-18,Instantánea de la consulta 'dataset_b258e0d8-d282-4d84-898a-655c5375f645'
gbif,data/raw/gbif/api/dataset_d415c253-4d61-4459-9d25-4015b9084fb0.json,dataset_d415c253-4d61-4459-9d25-4015b9084fb0.json,json,12893,7a9548ffe01f719a560441b3e7b4320c99af5326b63f8885daec5f304bbeee72,https://api.gbif.org/v1/dataset/d415c253-4d61-4459-9d25-4015b9084fb0,2026-09-18,Instantánea de la consulta 'dataset_d415c253-4d61-4459-9d25-4015b9084fb0'
gbif,data/raw/gbif/api/dataset_d714382d-5890-4234-ae81-696eeb53658a.json,dataset_d714382d-5890-4234-ae81-696eeb53658a.json,json,5259,eebe4acbf37bf36157578b486d9b102c16c2c8ea738d395315a11e41cdf8007e,https://api.gbif.org/v1/dataset/d714382d-5890-4234-ae81-696eeb53658a,2026-09-18,Instantánea de la consulta 'dataset_d714382d-5890-4234-ae81-696eeb53658a'
gbif,data/raw/gbif/api/dataset_danish_mycological.json,dataset_danish_mycological.json,json,66061,eb471b17f71cf362ebd84a62d7f550fa1d58598a5cb9ffdbb5ee1aafe7e902f6,https://api.gbif.org/v1/dataset/84d26682-f762-11e1-a439-00145eb45e9a,2026-09-18,Instantánea de la consulta 'dataset_danish_mycological'
gbif,data/raw/gbif/api/dataset_e0f780e6-1d54-4efa-833d-3562656a2814.json,dataset_e0f780e6-1d54-4efa-833d-3562656a2814.json,json,31218,d0ca9c982736d99538c088988a297bfa4e33f82561c8ac9cfe79ec5a07670d4d,https://api.gbif.org/v1/dataset/e0f780e6-1d54-4efa-833d-3562656a2814,2026-09-18,Instantánea de la consulta 'dataset_e0f780e6-1d54-4efa-833d-3562656a2814'
gbif,data/raw/gbif/api/dataset_e4deab67-0998-4140-b573-0ba1f624eb3e.json,dataset_e4deab67-0998-4140-b573-0ba1f624eb3e.json,json,12397,d3a9fd8595cddfb203d6d65e9186836bd9f2745e8d553417579d981f7ae34d44,https://api.gbif.org/v1/dataset/e4deab67-0998-4140-b573-0ba1f624eb3e,2026-09-18,Instantánea de la consulta 'dataset_e4deab67-0998-4140-b573-0ba1f624eb3e'
gbif,data/raw/gbif/api/dataset_fcb4e601-a1d8-44b6-a9d6-75fd05a280ef.json,dataset_fcb4e601-a1d8-44b6-a9d6-75fd05a280ef.json,json,55211,16ff99b8faf0f190e2df5c6e05388f8eb2c4a930ba398f3b1abbdfdf74af6227,https://api.gbif.org/v1/dataset/fcb4e601-a1d8-44b6-a9d6-75fd05a280ef,2026-09-18,Instantánea de la consulta 'dataset_fcb4e601-a1d8-44b6-a9d6-75fd05a280ef'
gbif,data/raw/gbif/api/dataset_fea77396-7b26-44cb-8580-aefadc8db276.json,dataset_fea77396-7b26-44cb-8580-aefadc8db276.json,json,33294,94338e8d3fe68188be2a185dd5786678f9fba09250b31462ec279e8c6680dcc4,https://api.gbif.org/v1/dataset/fea77396-7b26-44cb-8580-aefadc8db276,2026-09-18,Instantánea de la consulta 'dataset_fea77396-7b26-44cb-8580-aefadc8db276'
gbif,data/raw/gbif/api/dataset_titles_index.json,dataset_titles_index.json,json,4923,ab00aa4cc64146c27d7a6ee1b16f34bb7a6fa7f3b7bc215746daebabe5229107,https://api.gbif.org/v1/dataset/{key},2026-09-19,Instantánea de la consulta 'dataset_titles_index'
gbif,data/raw/gbif/api/fungi_co_all.json,fungi_co_all.json,json,109,bd040809e2aea2dfef4fcbfebe44bd39a79d5d32141c2752374276c532681a5b,https://api.gbif.org/v1/occurrence/search,2026-09-18,Instantánea de la consulta 'fungi_co_all'
gbif,data/raw/gbif/api/fungi_co_inat_dataset_stillimage.json,fungi_co_inat_dataset_stillimage.json,json,107,c14318823e26294e2bb9a55fc2291232d0d98efc139f1803b55e61b6c961c26b,https://api.gbif.org/v1/occurrence/search,2026-09-18,Instantánea de la consulta 'fungi_co_inat_dataset_stillimage'
gbif,data/raw/gbif/api/fungi_co_stillimage.json,fungi_co_stillimage.json,json,108,1b553f366dc930672866de63a256e71c13337aef00bbe3e3313cca99fadd6bf1,https://api.gbif.org/v1/occurrence/search,2026-09-18,Instantánea de la consulta 'fungi_co_stillimage'
gbif,data/raw/gbif/api/fungi_co_stillimage_coords.json,fungi_co_stillimage_coords.json,json,108,e6dc3ff53dc00bd5545e1e92f9521060a36c19c42cf17d88df5b0acb648e1e11,https://api.gbif.org/v1/occurrence/search,2026-09-18,Instantánea de la consulta 'fungi_co_stillimage_coords'
gbif,data/raw/gbif/api/fungi_co_stillimage_facet_basisOfRecord.json,fungi_co_stillimage_facet_basisOfRecord.json,json,450,5fcdaacd8a61c6960c27851509a2048c5450b172699cd1275765c9a3cbd89dea,https://api.gbif.org/v1/occurrence/search,2026-09-18,Instantánea de la consulta 'fungi_co_stillimage_facet_basisOfRecord'
gbif,data/raw/gbif/api/fungi_co_stillimage_facet_datasetKey.json,fungi_co_stillimage_facet_datasetKey.json,json,3663,f536e0e29330d0fe61405ba8e4b92c85c999fe776516068bc9efce3061180550,https://api.gbif.org/v1/occurrence/search,2026-09-18,Instantánea de la consulta 'fungi_co_stillimage_facet_datasetKey'
gbif,data/raw/gbif/api/fungi_co_stillimage_facet_familyKey.json,fungi_co_stillimage_facet_familyKey.json,json,18119,6e5d10eedad27aaf1944858f91cc1fc8d814dba69690614eb33830e62381b078,https://api.gbif.org/v1/occurrence/search,2026-09-18,Instantánea de la consulta 'fungi_co_stillimage_facet_familyKey'
gbif,data/raw/gbif/api/fungi_co_stillimage_facet_genusKey.json,fungi_co_stillimage_facet_genusKey.json,json,66026,48c4e21210c2c6ee162f22bde0a5bde8d7be61f2fe11ef1f2cd98c956965c87a,https://api.gbif.org/v1/occurrence/search,2026-09-18,Instantánea de la consulta 'fungi_co_stillimage_facet_genusKey'
gbif,data/raw/gbif/api/fungi_co_stillimage_facet_license.json,fungi_co_stillimage_facet_license.json,json,354,ebb7e2b0f45e5038b06a23c1bf230391f210dcafb9cea03a20595009b60a7304,https://api.gbif.org/v1/occurrence/search,2026-09-18,Instantánea de la consulta 'fungi_co_stillimage_facet_license'
gbif,data/raw/gbif/api/fungi_co_stillimage_facet_publishingOrg.json,fungi_co_stillimage_facet_publishingOrg.json,json,3664,49a58d4861401ac41e0454adafea6235ec0d6e5dce4bec5ac9876d6415590c1e,https://api.gbif.org/v1/occurrence/search,2026-09-18,Instantánea de la consulta 'fungi_co_stillimage_facet_publishingOrg'
gbif,data/raw/gbif/api/fungi_co_stillimage_facet_speciesKey.json,fungi_co_stillimage_facet_speciesKey.json,json,161865,063a9523d5cb4066328c131dec39d9eab8b9145cceb359ded82516a37ea80e46,https://api.gbif.org/v1/occurrence/search,2026-09-18,Instantánea de la consulta 'fungi_co_stillimage_facet_speciesKey'
gbif,data/raw/gbif/api/fungi_co_stillimage_facet_year.json,fungi_co_stillimage_facet_year.json,json,2396,9d51d0e5df3441d3a913772d36e16d7ac600f87dcf063a8bed23a60b06de7f0e,https://api.gbif.org/v1/occurrence/search,2026-09-18,Instantánea de la consulta 'fungi_co_stillimage_facet_year'
gbif,data/raw/gbif/api/fungi_co_stillimage_no_coords.json,fungi_co_stillimage_no_coords.json,json,107,42051c15521715e793646931a1cb05c67efa282da8438b26333587adf739c637,https://api.gbif.org/v1/occurrence/search,2026-09-18,Instantánea de la consulta 'fungi_co_stillimage_no_coords'
gbif,data/raw/gbif/api/fungi_co_stillimage_sample300_offset0.json,fungi_co_stillimage_sample300_offset0.json,json,3068577,122f63906dbdd6d1aae7a9980795a5fa3e9f901296f6de9d3556d66c2fe629be,https://api.gbif.org/v1/occurrence/search,2026-09-18,Instantánea de la consulta 'fungi_co_stillimage_sample300_offset0'
gbif,data/raw/gbif/api/fungi_co_stillimage_sample300_offset12000.json,fungi_co_stillimage_sample300_offset12000.json,json,2515020,5111ea9ba29fc4ebac16990cdd7057cc4146e3213213111f047e270993fc0489,https://api.gbif.org/v1/occurrence/search,2026-09-18,Instantánea de la consulta 'fungi_co_stillimage_sample300_offset12000'
gbif,data/raw/gbif/api/fungi_co_stillimage_sample300_offset18000.json,fungi_co_stillimage_sample300_offset18000.json,json,2718034,1f27df95b1ed8e3ceea883f44e68946c97ae4e7db7f101c2085d446c04f2f122,https://api.gbif.org/v1/occurrence/search,2026-09-18,Instantánea de la consulta 'fungi_co_stillimage_sample300_offset18000'
gbif,data/raw/gbif/api/fungi_co_stillimage_sample300_offset6000.json,fungi_co_stillimage_sample300_offset6000.json,json,3071847,90edac2dda3748659f27265eaf6ace4a8c2a0a018feedc67622879e202ef677d,https://api.gbif.org/v1/occurrence/search,2026-09-18,Instantánea de la consulta 'fungi_co_stillimage_sample300_offset6000'
gbif,data/raw/gbif/api/fungi_pubco_stillimage.json,fungi_pubco_stillimage.json,json,107,bf1f7414ae25baa52a665bd1a2ba70d5691cf75d2197af7a3e9007315dc38e8b,https://api.gbif.org/v1/occurrence/search,2026-09-18,Instantánea de la consulta 'fungi_pubco_stillimage'
gbif,data/raw/gbif/api/fungi_pubco_stillimage_facet_datasetKey.json,fungi_pubco_stillimage_facet_datasetKey.json,json,691,f92ceb8593339e075b6daa9b3a6fbd146ad0b29f4c1555d71f1896506ddfa9b4,https://api.gbif.org/v1/occurrence/search,2026-09-18,Instantánea de la consulta 'fungi_pubco_stillimage_facet_datasetKey'
gbif,data/raw/gbif/api/fungi_world_all.json,fungi_world_all.json,json,111,8c32f2f075a2f246b2ad25e8cc5ef1fff2fc57d930d3bce43e77ec4c89056ee8,https://api.gbif.org/v1/occurrence/search,2026-09-18,Instantánea de la consulta 'fungi_world_all'
gbif,data/raw/gbif/api/fungi_world_stillimage.json,fungi_world_stillimage.json,json,111,04f4928c319f7f067b402cea74e7befcf1906d8d71b4a7fd27b45e9e80419a50,https://api.gbif.org/v1/occurrence/search,2026-09-18,Instantánea de la consulta 'fungi_world_stillimage'
gbif,data/raw/gbif/api/occurrence_lookup_df20_train_row0.json,occurrence_lookup_df20_train_row0.json,json,7759,efee7b48cf2150225a608dee02fa79411b781a1e77ac8551ea81bd30ec120562,https://api.gbif.org/v1/occurrence/2238478820,2026-09-18,Instantánea de la consulta 'occurrence_lookup_df20_train_row0'
gbif,data/raw/gbif/api/occurrence_lookup_fungitastic_train_row0.json,occurrence_lookup_fungitastic_train_row0.json,json,8421,98252110fee9be94f48bdbdfe317f64544e5ef26633111f3b62bd2bc0048b82e,https://api.gbif.org/v1/occurrence/3032624318,2026-09-18,Instantánea de la consulta 'occurrence_lookup_fungitastic_train_row0'
gbif,data/raw/gbif/api/registry_search_hongos_col.json,registry_search_hongos_col.json,json,265454,a7a3b089dee2afc5e7cc0d03b29a38e49cf6a534aaff14f7e83e569148e6240e,https://api.gbif.org/v1/dataset,2026-09-18,Instantánea de la consulta 'registry_search_hongos_col'
gbif,data/raw/gbif/api/registry_search_jbb.json,registry_search_jbb.json,json,88,f4e5b22e9d7a934e7b6f9ac7236e1f3f86298fa392428291cf53cfd91318a7a6,https://api.gbif.org/v1/dataset,2026-09-18,Instantánea de la consulta 'registry_search_jbb'
gbif,data/raw/gbif/api/registry_search_mitu.json,registry_search_mitu.json,json,88,f4e5b22e9d7a934e7b6f9ac7236e1f3f86298fa392428291cf53cfd91318a7a6,https://api.gbif.org/v1/dataset,2026-09-18,Instantánea de la consulta 'registry_search_mitu'
gbif,data/raw/gbif/api/species_2513008.json,species_2513008.json,json,972,3758913ad32d1b5267ad76ae8c2e87599080a99178d99d6052d2a4003595fcc6,https://api.gbif.org/v1/species/2513008,2026-09-18,Instantánea de la consulta 'species_2513008'
gbif,data/raw/gbif/api/species_2513009.json,species_2513009.json,json,923,bfd3f3d0bb721aab886f664b96ade9992b0b51f53020c2c7372bb4f488c17f62,https://api.gbif.org/v1/species/2513009,2026-09-18,Instantánea de la consulta 'species_2513009'
gbif,data/raw/gbif/api/species_2519084.json,species_2519084.json,json,1010,8bf20e421085bb0b45b19220a207cb0237122043368084aee30bc7ffa0c21759,https://api.gbif.org/v1/species/2519084,2026-09-18,Instantánea de la consulta 'species_2519084'
gbif,data/raw/gbif/api/species_2524283.json,species_2524283.json,json,960,cbe91efd5e506e2c056b6fc9f59345eb916fec7d3e7c95fdb7c7d9e5e8fe098f,https://api.gbif.org/v1/species/2524283,2026-09-18,Instantánea de la consulta 'species_2524283'
gbif,data/raw/gbif/api/species_2524401.json,species_2524401.json,json,1018,41b963908ad89a44915de7e4c59e1a912e4a026d63964c71ad46ccddb24b5a95,https://api.gbif.org/v1/species/2524401,2026-09-18,Instantánea de la consulta 'species_2524401'
gbif,data/raw/gbif/api/species_2526675.json,species_2526675.json,json,1016,bcad26fe9e235c6c70bbadc6a69b17ec2635fc6266b0a3a94a9b3a97b68d8f13,https://api.gbif.org/v1/species/2526675,2026-09-18,Instantánea de la consulta 'species_2526675'
gbif,data/raw/gbif/api/species_2526678.json,species_2526678.json,json,1023,0a90632839b31570862b6f8a2a5d4d9ee8bac754a9a0f6f6b5592b412d4aab4e,https://api.gbif.org/v1/species/2526678,2026-09-18,Instantánea de la consulta 'species_2526678'
gbif,data/raw/gbif/api/species_2526775.json,species_2526775.json,json,1358,fe00e181b88ad74c88467a486967d3a9432a28028e7d37d9e393cd9e3085ace8,https://api.gbif.org/v1/species/2526775,2026-09-18,Instantánea de la consulta 'species_2526775'
gbif,data/raw/gbif/api/species_2529580.json,species_2529580.json,json,984,4ae60b09580ec3258e15bcde4ee74f8604d5b917c70e938f37f5d3f0e5eb2e5c,https://api.gbif.org/v1/species/2529580,2026-09-18,Instantánea de la consulta 'species_2529580'
gbif,data/raw/gbif/api/species_2533977.json,species_2533977.json,json,1083,abb3948a4415e945f0fb535c909ec7cbd9bfbddf7ad371ccf0db4e43ea1e5512,https://api.gbif.org/v1/species/2533977,2026-09-18,Instantánea de la consulta 'species_2533977'
gbif,data/raw/gbif/api/species_2534558.json,species_2534558.json,json,1035,e583ee16807269c685aa23ec2c20728cdc43fe100616c6692a7ef2ce5febafa3,https://api.gbif.org/v1/species/2534558,2026-09-18,Instantánea de la consulta 'species_2534558'
gbif,data/raw/gbif/api/species_2535536.json,species_2535536.json,json,977,8b8fd3618d78c5ded7b7212656802ffe94b78eebf8bfb69b3287b3fb49e7f18d,https://api.gbif.org/v1/species/2535536,2026-09-18,Instantánea de la consulta 'species_2535536'
gbif,data/raw/gbif/api/species_2565599.json,species_2565599.json,json,1017,cbcd4943fa174c9d857c2166896d167ea1c253674289303d7c99f45beec65130,https://api.gbif.org/v1/species/2565599,2026-09-18,Instantánea de la consulta 'species_2565599'
gbif,data/raw/gbif/api/species_2568748.json,species_2568748.json,json,980,c2bf372ed2d9c11ce07b09dfda698607bbb76b320527f0d74d2abba89748ba8d,https://api.gbif.org/v1/species/2568748,2026-09-18,Instantánea de la consulta 'species_2568748'
gbif,data/raw/gbif/api/species_2592639.json,species_2592639.json,json,975,8f1dae79e44bea7bd8cc715d97856198000bb0a7db41b7b55923b96eae60b9a6,https://api.gbif.org/v1/species/2592639,2026-09-18,Instantánea de la consulta 'species_2592639'
gbif,data/raw/gbif/api/species_2594928.json,species_2594928.json,json,924,63771f748cdf4002677ee36b5a6ce5f4a2d0c742e27af395e76b507a7a5f678c,https://api.gbif.org/v1/species/2594928,2026-09-18,Instantánea de la consulta 'species_2594928'
gbif,data/raw/gbif/api/species_2600911.json,species_2600911.json,json,1019,e80f944524f11710bfe28586101e533cb3363c865aeb919df524465e2195824e,https://api.gbif.org/v1/species/2600911,2026-09-18,Instantánea de la consulta 'species_2600911'
gbif,data/raw/gbif/api/species_2601351.json,species_2601351.json,json,1012,0fa73dfb737e2429dd7ebd7f0febe70aaf8beea90c92c85d44c45bca4693e032,https://api.gbif.org/v1/species/2601351,2026-09-18,Instantánea de la consulta 'species_2601351'
gbif,data/raw/gbif/api/species_2605434.json,species_2605434.json,json,1014,90bdb68da857ceae86a5c0c02b06fc060800548ac8c689bd5d612c115751466c,https://api.gbif.org/v1/species/2605434,2026-09-18,Instantánea de la consulta 'species_2605434'
gbif,data/raw/gbif/api/species_2605982.json,species_2605982.json,json,1012,1010cce110888a6efa2cd53cb035a375f3d276cbc7dd05be1a3680b9eb9feaac,https://api.gbif.org/v1/species/2605982,2026-09-18,Instantánea de la consulta 'species_2605982'
gbif,data/raw/gbif/api/species_2607519.json,species_2607519.json,json,1007,81614fe3104b5a183e241fb36ac9f6f1f9f79e104a8f554f33c5653f87b0e60c,https://api.gbif.org/v1/species/2607519,2026-09-18,Instantánea de la consulta 'species_2607519'
gbif,data/raw/gbif/api/species_2608513.json,species_2608513.json,json,1021,5d39aafc0e344c5568a6de1b82575a712c706ee4d053c8a9c73d48577b8207c8,https://api.gbif.org/v1/species/2608513,2026-09-18,Instantánea de la consulta 'species_2608513'
gbif,data/raw/gbif/api/species_5239475.json,species_5239475.json,json,1006,b1acb5de1c0008e0389919783be09c4cff23ef2ca70b5791cf39b83951681769,https://api.gbif.org/v1/species/5239475,2026-09-18,Instantánea de la consulta 'species_5239475'
gbif,data/raw/gbif/api/species_6005964.json,species_6005964.json,json,998,a98b6950cefaa927804b3ac314a33578f527d2d4d249f3a0409e94f7a7308d97,https://api.gbif.org/v1/species/6005964,2026-09-18,Instantánea de la consulta 'species_6005964'
gbif,data/raw/gbif/api/species_7984308.json,species_7984308.json,json,1033,92b5db1c1f60ccd9134755e4a6c81ed868f467e39791acc14f9b709be0d8c222,https://api.gbif.org/v1/species/7984308,2026-09-18,Instantánea de la consulta 'species_7984308'
gbif,data/raw/gbif/api/top_genus_names_index.json,top_genus_names_index.json,json,2557,322da77d87c90d55fa5b75d1aaa95f07f5f43ecdfbc1278842f48292605bc0ce,https://api.gbif.org/v1/species/{key},2026-09-19,Instantánea de la consulta 'top_genus_names_index'
inaturalist_api,data/raw/inaturalist_api/api/obs_fungi_co_all.json,obs_fungi_co_all.json,json,77,0f0a0385709add18207690c729e7cf13108db0067d5e37c565a9bb3bfc602a3b,https://api.inaturalist.org/v1/observations,2026-09-18,Instantánea de la consulta 'obs_fungi_co_all'
inaturalist_api,data/raw/inaturalist_api/api/obs_fungi_co_photos.json,obs_fungi_co_photos.json,json,77,b996c85c6f31b27b3b1f189a27640b8a38255d73248dd8330f579987dc6a1f51,https://api.inaturalist.org/v1/observations,2026-09-18,Instantánea de la consulta 'obs_fungi_co_photos'
inaturalist_api,data/raw/inaturalist_api/api/obs_fungi_co_random_sample200.json,obs_fungi_co_random_sample200.json,json,23704602,c5b0960cfd3bdf6e65fb5d44b5e9325b5340df49a6b4c96cdf67d57105585407,https://api.inaturalist.org/v1/observations,2026-09-18,Instantánea de la consulta 'obs_fungi_co_random_sample200'
inaturalist_api,data/raw/inaturalist_api/api/obs_fungi_co_research.json,obs_fungi_co_research.json,json,76,8db1b8d153939fb2c7d886a51062b640cff0c7e3e5b87cef53c68ac7276b8098,https://api.inaturalist.org/v1/observations,2026-09-18,Instantánea de la consulta 'obs_fungi_co_research'
inaturalist_api,data/raw/inaturalist_api/api/obs_fungi_co_research_photolic_cc0.json,obs_fungi_co_research_photolic_cc0.json,json,74,43f4e0a9a4ec52943e493af1ef977e574a772612c93842b30af9713a5dca176d,https://api.inaturalist.org/v1/observations,2026-09-18,Instantánea de la consulta 'obs_fungi_co_research_photolic_cc0'
inaturalist_api,data/raw/inaturalist_api/api/obs_fungi_co_research_photolic_cc_by.json,obs_fungi_co_research_photolic_cc_by.json,json,75,a439f56db911f0b97abc3018604b632e7a0ca3c92a0d1a1cd488b7ae4b5ddd13,https://api.inaturalist.org/v1/observations,2026-09-18,Instantánea de la consulta 'obs_fungi_co_research_photolic_cc_by'
inaturalist_api,data/raw/inaturalist_api/api/obs_fungi_co_research_photolic_cc_by_nc.json,obs_fungi_co_research_photolic_cc_by_nc.json,json,75,ad78f5e3a79add897d073ec7a32e74b2cfee5ce6fc79188042a21ea927187895,https://api.inaturalist.org/v1/observations,2026-09-18,Instantánea de la consulta 'obs_fungi_co_research_photolic_cc_by_nc'
inaturalist_api,data/raw/inaturalist_api/api/obs_fungi_co_research_photolic_cc_by_nc_nd.json,obs_fungi_co_research_photolic_cc_by_nc_nd.json,json,74,fec086af918259daeb3d99fb4d65a81c4a62321a371bbf996f99da56dc069c19,https://api.inaturalist.org/v1/observations,2026-09-18,Instantánea de la consulta 'obs_fungi_co_research_photolic_cc_by_nc_nd'
inaturalist_api,data/raw/inaturalist_api/api/obs_fungi_co_research_photolic_cc_by_nc_sa.json,obs_fungi_co_research_photolic_cc_by_nc_sa.json,json,74,ec62377c487ce13e7e07e15534d3fb2e17d6258c590c4b1e2a6222875b598544,https://api.inaturalist.org/v1/observations,2026-09-18,Instantánea de la consulta 'obs_fungi_co_research_photolic_cc_by_nc_sa'
inaturalist_api,data/raw/inaturalist_api/api/obs_fungi_co_research_photolic_cc_by_nd.json,obs_fungi_co_research_photolic_cc_by_nd.json,json,74,69047f5de4a34f8db1550bd321ae4d942a64a0bd475f8da62213c82aa9f519ef,https://api.inaturalist.org/v1/observations,2026-09-18,Instantánea de la consulta 'obs_fungi_co_research_photolic_cc_by_nd'
inaturalist_api,data/raw/inaturalist_api/api/obs_fungi_co_research_photolic_cc_by_sa.json,obs_fungi_co_research_photolic_cc_by_sa.json,json,74,1c34dcf9745be00df239c6097221e77b9812fd761e7e618a88d3dd400d950cc4,https://api.inaturalist.org/v1/observations,2026-09-18,Instantánea de la consulta 'obs_fungi_co_research_photolic_cc_by_sa'
inaturalist_api,data/raw/inaturalist_api/api/obs_fungi_co_research_photos_licensed.json,obs_fungi_co_research_photos_licensed.json,json,76,6a7fb8b38773cfe9a8a75bba08f672b99f9cba0d351672cd8ce872cd929723f9,https://api.inaturalist.org/v1/observations,2026-09-18,Instantánea de la consulta 'obs_fungi_co_research_photos_licensed'
inaturalist_api,data/raw/inaturalist_api/api/obs_fungi_world.json,obs_fungi_world.json,json,79,63e0b3f4ccd02ce9cd0ceeeb097a35bc06d96d7cfc4c10dadf7565ca54f015cd,https://api.inaturalist.org/v1/observations,2026-09-18,Instantánea de la consulta 'obs_fungi_world'
inaturalist_api,data/raw/inaturalist_api/api/place_colombia.json,place_colombia.json,json,102207,f01f29aa266991484d761b2f11a7e09261eb250ce909ba722e7c304a099566ab,https://api.inaturalist.org/v1/places/autocomplete,2026-09-18,Instantánea de la consulta 'place_colombia'
inaturalist_api,data/raw/inaturalist_api/api/species_counts_co_all.json,species_counts_co_all.json,json,75,9f885e74fe08eb05f1dc5e33c5abd4cd814577952810fe75079d4e98b1c44ecd,https://api.inaturalist.org/v1/observations/species_counts,2026-09-18,Instantánea de la consulta 'species_counts_co_all'
inaturalist_api,data/raw/inaturalist_api/api/species_counts_co_any_p1.json,species_counts_co_any_p1.json,json,779022,8e022583fc88419b4b78a15353f8d75fbdf9b6a7c676a4ec9fca7142d27df827,https://api.inaturalist.org/v1/observations/species_counts,2026-09-18,Instantánea de la consulta 'species_counts_co_any_p1'
inaturalist_api,data/raw/inaturalist_api/api/species_counts_co_any_p2.json,species_counts_co_any_p2.json,json,773223,67c894f7395583c4c4b7da803c354ec1c41f7884f927640f26472ae50b262982,https://api.inaturalist.org/v1/observations/species_counts,2026-09-18,Instantánea de la consulta 'species_counts_co_any_p2'
inaturalist_api,data/raw/inaturalist_api/api/species_counts_co_any_p3.json,species_counts_co_any_p3.json,json,768422,6f2131018aa49f6c2a92ceeba1ec2dc2f977d090dd70d66672abc488bbff656e,https://api.inaturalist.org/v1/observations/species_counts,2026-09-18,Instantánea de la consulta 'species_counts_co_any_p3'
inaturalist_api,data/raw/inaturalist_api/api/species_counts_co_any_p4.json,species_counts_co_any_p4.json,json,764058,023394a94d1d6e19525fc11ec7a651b09010126ff3841f4da9cdbc2dbd7bc8d2,https://api.inaturalist.org/v1/observations/species_counts,2026-09-18,Instantánea de la consulta 'species_counts_co_any_p4'
inaturalist_api,data/raw/inaturalist_api/api/species_counts_co_any_p5.json,species_counts_co_any_p5.json,json,668390,efcbb34e23a398cb7663c82b7e70f9a434857dd8fdf26394eb2a56b38f8dfc37,https://api.inaturalist.org/v1/observations/species_counts,2026-09-18,Instantánea de la consulta 'species_counts_co_any_p5'
inaturalist_api,data/raw/inaturalist_api/api/species_counts_co_research.json,species_counts_co_research.json,json,74,d5f21aec5a5418b04feadc9d00237d06b14dbc585b3b780d193130883713c981,https://api.inaturalist.org/v1/observations/species_counts,2026-09-18,Instantánea de la consulta 'species_counts_co_research'
inaturalist_api,data/raw/inaturalist_api/api/species_counts_co_research_p1.json,species_counts_co_research_p1.json,json,777406,9830c20fab3c2b835d5f172e0565516e247d9eb9aa55e83b6dcc8d38e63c93ef,https://api.inaturalist.org/v1/observations/species_counts,2026-09-18,Instantánea de la consulta 'species_counts_co_research_p1'
inaturalist_api,data/raw/inaturalist_api/api/species_counts_co_research_p2.json,species_counts_co_research_p2.json,json,701117,9fde6d8fd73609d4f2672737b7d023f7a8b3c5f47018f02d53a4996beda39ec0,https://api.inaturalist.org/v1/observations/species_counts,2026-09-18,Instantánea de la consulta 'species_counts_co_research_p2'
inaturalist_api,data/raw/inaturalist_api/api/taxon_fungi.json,taxon_fungi.json,json,1443,ae7f8be30bf8a544c54d59df81a05bae3510f44243889dfe8146d8dd2b683868,https://api.inaturalist.org/v1/taxa,2026-09-18,Instantánea de la consulta 'taxon_fungi'
inaturalist_open_data,data/raw/inaturalist_open_data/api/s3_head_probes.json,s3_head_probes.json,json,695,d89ac9a017bbe7dcc3114762debe8742ab0c1fc4c027c85db765e9c7ce246311,https://inaturalist-open-data.s3.amazonaws.com,2026-09-19,Instantánea de la consulta 's3_head_probes'
inaturalist_open_data,data/raw/inaturalist_open_data/observations.csv.gz.head2MB,observations.csv.gz.head2MB,csv.gz.head2MB,2000000,2d1d47f7135a04ddcd83bde413a590dc05207b948db16cc145b9505fde7ed54a,https://inaturalist-open-data.s3.amazonaws.com/observations.csv.gz,2026-09-18,Primeros 2000000 bytes del flujo gzip (fragmento truncado SOLO para inspeccionar el esquema; filas más antiguas)
inaturalist_open_data,data/raw/inaturalist_open_data/photos.csv.gz.head3MB,photos.csv.gz.head3MB,csv.gz.head3MB,3000000,a896878ca68e1eae8dac22515c4b57d9f70fdf6a8b1acc76af0082dae57c49e5,https://inaturalist-open-data.s3.amazonaws.com/photos.csv.gz,2026-09-18,Primeros 3000000 bytes del flujo gzip (fragmento truncado SOLO para inspeccionar el esquema; filas más antiguas)
inaturalist_open_data,data/raw/inaturalist_open_data/taxa.csv.gz,taxa.csv.gz,csv.gz,39765976,e57979d3ac91e81d0596ace7ac2f39b7196160137053229980f78bcb8f6672ec,https://inaturalist-open-data.s3.amazonaws.com/taxa.csv.gz,2026-09-18,Tabla completa de taxones de la instantánea de Open Data (TSV comprimido)
mind_funga_v2,data/raw/mind_funga_v2/api/mendeley_dataset.json,mendeley_dataset.json,json,16286058,277276eb849a01ab68b7ac7e649bf23166360f963e0ac7f9830601f0de35f3f7,https://data.mendeley.com/public-api/datasets/sfrbdjvxcc,2026-09-18,Instantánea de la consulta 'mendeley_dataset' (obtenida con curl; ver remote_queries.csv)
mind_funga_v2,data/raw/mind_funga_v2/zip_central_directory.csv,zip_central_directory.csv,csv,4261892,e4d64b5ed2129217cd4a897ac3923a456f0c3890cc6982549988e0c6c2abf589,https://data.mendeley.com/public-api/zip/sfrbdjvxcc/download/2,2026-09-18,"Directorio central del ZIP oficial de Mendeley (3198739190 bytes, 18023 entradas) leído con 4 solicitudes HTTP Range; no se descargó ninguna imagen"
mushroom_observer,data/raw/mushroom_observer/images.csv,images.csv,csv,175157554,34609775daaa492f739aadab116b6ae7a683a2f36362ebdd9ee68637ecf2ef00,https://mushroomobserver.org/images.csv,2026-09-18,"Volcado CSV nocturno oficial (ver README_API.md, sección 'CSV files')"
mushroom_observer,data/raw/mushroom_observer/images_observations.csv,images_observations.csv,csv,28730531,1942cc5cd2771e97394db21269afdc7b60ce39366fd59b17838e375c335df634,https://mushroomobserver.org/images_observations.csv,2026-09-18,"Volcado CSV nocturno oficial (ver README_API.md, sección 'CSV files')"
mushroom_observer,data/raw/mushroom_observer/locations.csv,locations.csv,csv,3376429,aa5881a5e20f0c8b7146f7f3465195260f3c2e808f96360be1c500b81a2116f0,https://mushroomobserver.org/locations.csv,2026-09-18,"Volcado CSV nocturno oficial (ver README_API.md, sección 'CSV files')"
mushroom_observer,data/raw/mushroom_observer/name_classifications.csv,name_classifications.csv,csv,4825895,fd6522b4a9950badc485b6a988c76e34cec4e2358651ccdc4e612b61ff8bd848,https://mushroomobserver.org/name_classifications.csv,2026-09-18,"Volcado CSV nocturno oficial (ver README_API.md, sección 'CSV files')"
mushroom_observer,data/raw/mushroom_observer/names.csv,names.csv,csv,3967611,da20c29f96ccfc8887cd2889cb4a64788e66e97ad7aef3a8fa967e1d281e5bd0,https://mushroomobserver.org/names.csv,2026-09-18,"Volcado CSV nocturno oficial (ver README_API.md, sección 'CSV files')"
mushroom_observer,data/raw/mushroom_observer/observations.csv,observations.csv,csv,41983562,7a37dc352b5115afbc67ef51adb72a5884917aad99b0227f3556989088e37fe2,https://mushroomobserver.org/observations.csv,2026-09-18,"Volcado CSV nocturno oficial (ver README_API.md, sección 'CSV files')"
sib_hongos_col2023,data/raw/sib_hongos_col2023/hongos_col2023.dwca.zip,hongos_col2023.dwca.zip,dwca.zip,54963,dafc32b8a35529754d5a814a460e942796f6261931de54c8766d9bdca03921f6,https://ipt.biodiversidad.co/permisos/archive.do?r=hongos_col2023,2026-09-18,Darwin Core Archive del recurso IPT 'hongos_col2023'
sib_macrohongos_jbb_2023_1,data/raw/sib_macrohongos_jbb_2023_1/macrohongos_2023-1.dwca.zip,macrohongos_2023-1.dwca.zip,dwca.zip,18022,87c681a36b23c86e44f4811e455e072fb43fb31427435783c3e80792ddd68ef4,https://ipt.biodiversidad.co/permisos/archive.do?r=macrohongos_2023-1,2026-09-18,Darwin Core Archive del recurso IPT 'macrohongos_2023-1'
sib_macrohongosmitu,data/raw/sib_macrohongosmitu/macrohongosmitu.dwca.zip,macrohongosmitu.dwca.zip,dwca.zip,17375,caf50b4e4c5c5dd29c483de6825dcf3391fa0f118fef1d13fba6f8927818eb09,https://ipt.biodiversidad.co/permisos/archive.do?r=macrohongosmitu,2026-09-18,Darwin Core Archive del recurso IPT 'macrohongosmitu'
sources_documentation,data/raw/sources_documentation/api/reachability_probes.json,reachability_probes.json,json,3637,213d0d7e0871c8796e0cce3bcb7d9223acad29cfa38dda2aebe392848435db8b,various,2026-09-19,Instantánea de la consulta 'reachability_probes'
