dataset_id,query_id,url,params,query_date_utc,http_status,response_sha256,snapshot_path,summary
df20,official_download_head_probes,http://ptak.felk.cvut.cz/plants/DanishFungiDataset,{},2026-09-19T00:12:50Z,200,2f50249130a84fe1ff56f77f861533d46d7d08a8bf6bb2c96f3d9517a3d740b4,data/raw/df20/api/official_download_head_probes.json,Solo HEAD
fungitastic,kaggle_dataset_view,https://www.kaggle.com/api/v1/datasets/view/picekl/fungitastic,{},2026-09-18T22:59:40Z,200,0139271cd7cb0c97effaf87cb5125b01c8bf2bd1c80fbdb20e1c2243cf941229,data/raw/fungitastic/api/kaggle_dataset_view.json,currentVersionNumber=15
fungitastic,official_download_head_probes,https://cmp.felk.cvut.cz/datagrid/FungiTastic/shared/download,{},2026-09-19T00:12:47Z,200,41e516a7871086befdd06f8b53c55299cecb21dbaf6ef87c456ea16407f895db,data/raw/fungitastic/api/official_download_head_probes.json,Solo HEAD; no se descargó ningún archivo
gbif,danish_mycological_dataset_all,https://api.gbif.org/v1/occurrence/search,"{""datasetKey"": ""84d26682-f762-11e1-a439-00145eb45e9a"", ""limit"": 0}",2026-09-18T23:28:09Z,200,bc2c79b940452e8b6bdfbe9e8d510710a5b9318e82622f541705c4137c83a8d0,data/raw/gbif/api/danish_mycological_dataset_all.json,count=1313791
gbif,danish_mycological_dataset_stillimage,https://api.gbif.org/v1/occurrence/search,"{""datasetKey"": ""84d26682-f762-11e1-a439-00145eb45e9a"", ""limit"": 0, ""mediaType"": ""StillImage""}",2026-09-18T23:28:10Z,200,28988c8899ec6b1555a21c7fe84703edcb63a7d094383ddf33f32aaf76693198,data/raw/gbif/api/danish_mycological_dataset_stillimage.json,count=565781
gbif,dataset_239f2462-dbfb-4a47-a5f0-1b7b23b91221,https://api.gbif.org/v1/dataset/239f2462-dbfb-4a47-a5f0-1b7b23b91221,{},2026-09-18T23:17:26Z,200,86fd51bfd405eff673b783fac70d114f285a6aa2e072680f7f264af652a51e7c,data/raw/gbif/api/dataset_239f2462-dbfb-4a47-a5f0-1b7b23b91221.json,
gbif,dataset_2e8ab72b-5931-4e04-b8ff-e1fb61305d17,https://api.gbif.org/v1/dataset/2e8ab72b-5931-4e04-b8ff-e1fb61305d17,{},2026-09-18T23:17:24Z,200,d29d9684fd62722d99b127b006cf9f3a9548631de2a531dad062989485e1a8cc,data/raw/gbif/api/dataset_2e8ab72b-5931-4e04-b8ff-e1fb61305d17.json,
gbif,dataset_33044985-693e-42ad-93e7-ec3b0b345978,https://api.gbif.org/v1/dataset/33044985-693e-42ad-93e7-ec3b0b345978,{},2026-09-18T23:17:29Z,200,6af6be3670f6c03311443fa8e4811c663e22f559647c12eab16cedeb9094a35d,data/raw/gbif/api/dataset_33044985-693e-42ad-93e7-ec3b0b345978.json,
gbif,dataset_50c9509d-22c7-4a22-a47d-8c48425ef4a7,https://api.gbif.org/v1/dataset/50c9509d-22c7-4a22-a47d-8c48425ef4a7,{},2026-09-18T23:17:19Z,200,4c65e2de85086d8525b162cd8c3be6fb3d40f2469e2ce21297b1c3b08d5d1992,data/raw/gbif/api/dataset_50c9509d-22c7-4a22-a47d-8c48425ef4a7.json,
gbif,dataset_5a6538b8-e35c-46c4-8978-6858a657a75f,https://api.gbif.org/v1/dataset/5a6538b8-e35c-46c4-8978-6858a657a75f,{},2026-09-18T23:17:24Z,200,b216b8cf9553fd0218c81938b321187f9e1f2b4c960d1770238d694e492f116b,data/raw/gbif/api/dataset_5a6538b8-e35c-46c4-8978-6858a657a75f.json,
gbif,dataset_7ba21c92-f762-11e1-a439-00145eb45e9a,https://api.gbif.org/v1/dataset/7ba21c92-f762-11e1-a439-00145eb45e9a,{},2026-09-18T23:17:25Z,200,d0a0cd8f898f31b94c365be117ff3e8d99a7f9fe54e4cd8c17713621f8281268,data/raw/gbif/api/dataset_7ba21c92-f762-11e1-a439-00145eb45e9a.json,
gbif,dataset_7ed55b51-4336-4f74-a05a-274afffe771f,https://api.gbif.org/v1/dataset/7ed55b51-4336-4f74-a05a-274afffe771f,{},2026-09-18T23:17:25Z,200,62b936e4fc3d267d8d3149b3e40030c1d6669de73081bc7e84027d8ca331c45b,data/raw/gbif/api/dataset_7ed55b51-4336-4f74-a05a-274afffe771f.json,
gbif,dataset_81e6cff2-b409-417e-8c72-e1bbafb7c61f,https://api.gbif.org/v1/dataset/81e6cff2-b409-417e-8c72-e1bbafb7c61f,{},2026-09-18T23:17:22Z,200,d8bc78ebf9e60647cae4080b8a4e5628509eb23a756364fb50a955d7a151c1b4,data/raw/gbif/api/dataset_81e6cff2-b409-417e-8c72-e1bbafb7c61f.json,
gbif,dataset_821cc27a-e3bb-4bc5-ac34-89ada245069d,https://api.gbif.org/v1/dataset/821cc27a-e3bb-4bc5-ac34-89ada245069d,{},2026-09-18T23:17:21Z,200,f538bebdf7b75c3b7b960e6529086522bbe3e4b7a977dca7f623434d7b90f118,data/raw/gbif/api/dataset_821cc27a-e3bb-4bc5-ac34-89ada245069d.json,
gbif,dataset_9f99a46b-d812-45a2-b51a-3f48f65357b5,https://api.gbif.org/v1/dataset/9f99a46b-d812-45a2-b51a-3f48f65357b5,{},2026-09-18T23:17:28Z,200,ee7f37680993535bbc82e9e48b6cfacbf152d9a6aac5ac03bc22ed77f39252f4,data/raw/gbif/api/dataset_9f99a46b-d812-45a2-b51a-3f48f65357b5.json,
gbif,dataset_b258e0d8-d282-4d84-898a-655c5375f645,https://api.gbif.org/v1/dataset/b258e0d8-d282-4d84-898a-655c5375f645,{},2026-09-18T23:17:26Z,200,d2b44545d516adb3ec5e47ad326145727f12d7501b55944f61dc64b0f341fb99,data/raw/gbif/api/dataset_b258e0d8-d282-4d84-898a-655c5375f645.json,
gbif,dataset_d415c253-4d61-4459-9d25-4015b9084fb0,https://api.gbif.org/v1/dataset/d415c253-4d61-4459-9d25-4015b9084fb0,{},2026-09-18T23:17:20Z,200,abcb761cdfd8d468d8decba00647b7b489c4c6737cf262829003f225b67bd5d1,data/raw/gbif/api/dataset_d415c253-4d61-4459-9d25-4015b9084fb0.json,
gbif,dataset_d714382d-5890-4234-ae81-696eeb53658a,https://api.gbif.org/v1/dataset/d714382d-5890-4234-ae81-696eeb53658a,{},2026-09-18T23:17:21Z,200,c82bd13ae481621ce54efe209e57df1a2d215fd9f819d24c1113393c84bb8230,data/raw/gbif/api/dataset_d714382d-5890-4234-ae81-696eeb53658a.json,
gbif,dataset_danish_mycological,https://api.gbif.org/v1/dataset/84d26682-f762-11e1-a439-00145eb45e9a,{},2026-09-18T23:28:11Z,200,07a0dc0c54e20ffadd8c82fc184eb6f5ca561eb653335e42624b65e9764003fb,data/raw/gbif/api/dataset_danish_mycological.json,
gbif,dataset_e0f780e6-1d54-4efa-833d-3562656a2814,https://api.gbif.org/v1/dataset/e0f780e6-1d54-4efa-833d-3562656a2814,{},2026-09-18T23:17:27Z,200,baac5e4706d874c4bc5e22df98822b86bf41ec465e402f033c1a2c9e0a44fdf3,data/raw/gbif/api/dataset_e0f780e6-1d54-4efa-833d-3562656a2814.json,
gbif,dataset_e4deab67-0998-4140-b573-0ba1f624eb3e,https://api.gbif.org/v1/dataset/e4deab67-0998-4140-b573-0ba1f624eb3e,{},2026-09-18T23:17:23Z,200,d88004e2f2c2940eb787043c6b34b4e90a55433a55e32ffc142e7d32891dcbca,data/raw/gbif/api/dataset_e4deab67-0998-4140-b573-0ba1f624eb3e.json,
gbif,dataset_fcb4e601-a1d8-44b6-a9d6-75fd05a280ef,https://api.gbif.org/v1/dataset/fcb4e601-a1d8-44b6-a9d6-75fd05a280ef,{},2026-09-18T23:17:29Z,200,39814adce66b6e0fee79933dec17caeb819a466b7ef59e0744c6be585d5b0ef9,data/raw/gbif/api/dataset_fcb4e601-a1d8-44b6-a9d6-75fd05a280ef.json,
gbif,dataset_fea77396-7b26-44cb-8580-aefadc8db276,https://api.gbif.org/v1/dataset/fea77396-7b26-44cb-8580-aefadc8db276,{},2026-09-18T23:17:22Z,200,74ee04076e4148f63e5786f63c63022e5b3007a8ac0a76e710ecf5161e74b63a,data/raw/gbif/api/dataset_fea77396-7b26-44cb-8580-aefadc8db276.json,
gbif,dataset_titles_index,https://api.gbif.org/v1/dataset/{key},{},2026-09-19T00:12:56Z,200,2107907be8632ca729699084815ce53462483cf765452bc8f2abfdbc579980ab,data/raw/gbif/api/dataset_titles_index.json,17 datasets
gbif,fungi_co_all,https://api.gbif.org/v1/occurrence/search,"{""country"": ""CO"", ""kingdomKey"": 5, ""limit"": 0}",2026-09-18T23:00:35Z,200,0177ae8f96efaee580a17c5ff34c6baa2a8885c4396bfe01df8393212e3c5c53,data/raw/gbif/api/fungi_co_all.json,count=548198
gbif,fungi_co_inat_dataset_stillimage,https://api.gbif.org/v1/occurrence/search,"{""country"": ""CO"", ""datasetKey"": ""50c9509d-22c7-4a22-a47d-8c48425ef4a7"", ""kingdomKey"": 5, ""limit"": 0, ""mediaType"": ""StillImage""}",2026-09-18T23:00:46Z,200,de7bce28392092a0730dd6ce444ffffe441c759e4d888f2d5835c95567e2090d,data/raw/gbif/api/fungi_co_inat_dataset_stillimage.json,count=9678
gbif,fungi_co_stillimage,https://api.gbif.org/v1/occurrence/search,"{""country"": ""CO"", ""kingdomKey"": 5, ""limit"": 0, ""mediaType"": ""StillImage""}",2026-09-18T23:00:35Z,200,77203c63c192f57209e7e182a45a43a67811b7b3ff08d1f56024bd55c7b2cac6,data/raw/gbif/api/fungi_co_stillimage.json,count=21638
gbif,fungi_co_stillimage_coords,https://api.gbif.org/v1/occurrence/search,"{""country"": ""CO"", ""hasCoordinate"": ""true"", ""kingdomKey"": 5, ""limit"": 0, ""mediaType"": ""StillImage""}",2026-09-18T23:00:36Z,200,d9acda79e57474125155e3ee9dafac0bbc65ea9b9304a45080b8127c4336fb19,data/raw/gbif/api/fungi_co_stillimage_coords.json,count=13704
gbif,fungi_co_stillimage_facet_basisOfRecord,https://api.gbif.org/v1/occurrence/search,"{""country"": ""CO"", ""facet"": ""basisOfRecord"", ""facetLimit"": 40, ""kingdomKey"": 5, ""limit"": 0, ""mediaType"": ""StillImage""}",2026-09-18T23:00:39Z,200,69a25b557d79bca247444fb0272cf8e315169d4bc7f16000f7970534211e49e1,data/raw/gbif/api/fungi_co_stillimage_facet_basisOfRecord.json,count=21638
gbif,fungi_co_stillimage_facet_datasetKey,https://api.gbif.org/v1/occurrence/search,"{""country"": ""CO"", ""facet"": ""datasetKey"", ""facetLimit"": 40, ""kingdomKey"": 5, ""limit"": 0, ""mediaType"": ""StillImage""}",2026-09-18T23:00:38Z,200,56e12794f0fa021ccc0bcfa5a86af10094b3552eb04b5cf0a413188348d526a9,data/raw/gbif/api/fungi_co_stillimage_facet_datasetKey.json,count=21638
gbif,fungi_co_stillimage_facet_familyKey,https://api.gbif.org/v1/occurrence/search,"{""country"": ""CO"", ""facet"": ""familyKey"", ""facetLimit"": 5000, ""kingdomKey"": 5, ""limit"": 0, ""mediaType"": ""StillImage""}",2026-09-18T23:00:44Z,200,fa7eea2971462fc833cf395164cc6aa694dfed6b0a3362e8742e1b3358cd2707,data/raw/gbif/api/fungi_co_stillimage_facet_familyKey.json,count=21638
gbif,fungi_co_stillimage_facet_genusKey,https://api.gbif.org/v1/occurrence/search,"{""country"": ""CO"", ""facet"": ""genusKey"", ""facetLimit"": 5000, ""kingdomKey"": 5, ""limit"": 0, ""mediaType"": ""StillImage""}",2026-09-18T23:00:43Z,200,4ea1edb1fa3dc3fe0ddc79a284307efc6c854d3d545f2e2958401d8618012ca9,data/raw/gbif/api/fungi_co_stillimage_facet_genusKey.json,count=21638
gbif,fungi_co_stillimage_facet_license,https://api.gbif.org/v1/occurrence/search,"{""country"": ""CO"", ""facet"": ""license"", ""facetLimit"": 40, ""kingdomKey"": 5, ""limit"": 0, ""mediaType"": ""StillImage""}",2026-09-18T23:00:39Z,200,197a72c5d2e5ed8240b448d05ac933722d302ace7428cb13b8d809faf15e7862,data/raw/gbif/api/fungi_co_stillimage_facet_license.json,count=21638
gbif,fungi_co_stillimage_facet_publishingOrg,https://api.gbif.org/v1/occurrence/search,"{""country"": ""CO"", ""facet"": ""publishingOrg"", ""facetLimit"": 40, ""kingdomKey"": 5, ""limit"": 0, ""mediaType"": ""StillImage""}",2026-09-18T23:00:40Z,200,1d9e8fa58c50459fef4253c7f242c07ce4bc9e1ab15b6a1a507fc5042ce3feb9,data/raw/gbif/api/fungi_co_stillimage_facet_publishingOrg.json,count=21638
gbif,fungi_co_stillimage_facet_speciesKey,https://api.gbif.org/v1/occurrence/search,"{""country"": ""CO"", ""facet"": ""speciesKey"", ""facetLimit"": 20000, ""kingdomKey"": 5, ""limit"": 0, ""mediaType"": ""StillImage""}",2026-09-18T23:00:42Z,200,8a811e00b1cea3cc8dc24a7871386af5777d8ada2b018dc888878e2c8a434a23,data/raw/gbif/api/fungi_co_stillimage_facet_speciesKey.json,count=21638
gbif,fungi_co_stillimage_facet_year,https://api.gbif.org/v1/occurrence/search,"{""country"": ""CO"", ""facet"": ""year"", ""facetLimit"": 40, ""kingdomKey"": 5, ""limit"": 0, ""mediaType"": ""StillImage""}",2026-09-18T23:00:41Z,200,78fb4ad6d14bd6ce5adfb5d784941a58f2fb1b45c898eb497df258dae08b67b7,data/raw/gbif/api/fungi_co_stillimage_facet_year.json,count=21638
gbif,fungi_co_stillimage_no_coords,https://api.gbif.org/v1/occurrence/search,"{""country"": ""CO"", ""hasCoordinate"": ""false"", ""kingdomKey"": 5, ""limit"": 0, ""mediaType"": ""StillImage""}",2026-09-18T23:00:37Z,200,61a8cad1f5dfcaeebe4dfcb8f044aba3b8131be39fd0a717ea32ac6fe1f2e11a,data/raw/gbif/api/fungi_co_stillimage_no_coords.json,count=7934
gbif,fungi_co_stillimage_sample300_offset0,https://api.gbif.org/v1/occurrence/search,"{""country"": ""CO"", ""kingdomKey"": 5, ""limit"": 300, ""mediaType"": ""StillImage"", ""offset"": 0}",2026-09-18T23:00:48Z,200,3793a0560e6dbc415d914de604cda9544ec17bebc408dc7c59d28fa976c77198,data/raw/gbif/api/fungi_co_stillimage_sample300_offset0.json,count=21638
gbif,fungi_co_stillimage_sample300_offset12000,https://api.gbif.org/v1/occurrence/search,"{""country"": ""CO"", ""kingdomKey"": 5, ""limit"": 300, ""mediaType"": ""StillImage"", ""offset"": 12000}",2026-09-18T23:08:41Z,200,b8776663857e5dcac793028a85fccd6c0faacc60c2b643dfca19b0283a191650,data/raw/gbif/api/fungi_co_stillimage_sample300_offset12000.json,count=21638
gbif,fungi_co_stillimage_sample300_offset18000,https://api.gbif.org/v1/occurrence/search,"{""country"": ""CO"", ""kingdomKey"": 5, ""limit"": 300, ""mediaType"": ""StillImage"", ""offset"": 18000}",2026-09-18T23:17:17Z,200,ce428acfd6e62532353a8ee0f8d9803c2c48bcbf1ce09bc72c5d1f3be2f72fe3,data/raw/gbif/api/fungi_co_stillimage_sample300_offset18000.json,count=21638
gbif,fungi_co_stillimage_sample300_offset6000,https://api.gbif.org/v1/occurrence/search,"{""country"": ""CO"", ""kingdomKey"": 5, ""limit"": 300, ""mediaType"": ""StillImage"", ""offset"": 6000}",2026-09-18T23:00:51Z,200,43c64e9fde171a873abb36c375c1ba612379cb03d150758d0c9e71951776c5ed,data/raw/gbif/api/fungi_co_stillimage_sample300_offset6000.json,count=21638
gbif,fungi_pubco_stillimage,https://api.gbif.org/v1/occurrence/search,"{""kingdomKey"": 5, ""limit"": 0, ""mediaType"": ""StillImage"", ""publishingCountry"": ""CO""}",2026-09-18T23:00:45Z,200,09917322f1462aa2907d1d41a3103f151ee8bae6f5a7f8f55d43a61950877644,data/raw/gbif/api/fungi_pubco_stillimage.json,count=7853
gbif,fungi_pubco_stillimage_facet_datasetKey,https://api.gbif.org/v1/occurrence/search,"{""facet"": ""datasetKey"", ""facetLimit"": 40, ""kingdomKey"": 5, ""limit"": 0, ""mediaType"": ""StillImage"", ""publishingCountry"": ""CO""}",2026-09-18T23:00:46Z,200,bc3447ab6234e5c4b2170a826846d83e082ca13925901d80e3950830403d8746,data/raw/gbif/api/fungi_pubco_stillimage_facet_datasetKey.json,count=7853
gbif,fungi_world_all,https://api.gbif.org/v1/occurrence/search,"{""kingdomKey"": 5, ""limit"": 0}",2026-09-18T23:00:33Z,200,765d35553bd325d3d6f8f3b8a33e8a95a50b4ede0a9f6096fbca3b3723bc041c,data/raw/gbif/api/fungi_world_all.json,count=60740476
gbif,fungi_world_stillimage,https://api.gbif.org/v1/occurrence/search,"{""kingdomKey"": 5, ""limit"": 0, ""mediaType"": ""StillImage""}",2026-09-18T23:00:34Z,200,7aaec237b40329d217060d7db28273653bb3e4e3a1d5e6ca21e9598498b26cdf,data/raw/gbif/api/fungi_world_stillimage.json,count=11505077
gbif,occurrence_lookup_df20_train_row0,https://api.gbif.org/v1/occurrence/2238478820,{},2026-09-18T23:27:22Z,200,30f9ee4d8f555a731da133ffbf688cc5119906338ecf37f1a353f3285e626fc2,data/raw/gbif/api/occurrence_lookup_df20_train_row0.json,datasetKey=84d26682-f762-11e1-a439-00145eb45e9a
gbif,occurrence_lookup_fungitastic_train_row0,https://api.gbif.org/v1/occurrence/3032624318,{},2026-09-18T23:27:21Z,200,a6e0e13cde227c62f4b5b2eb74afad72954f465c6ed4cb411e2471dba0a3359d,data/raw/gbif/api/occurrence_lookup_fungitastic_train_row0.json,datasetKey=84d26682-f762-11e1-a439-00145eb45e9a
gbif,registry_search_hongos_col,https://api.gbif.org/v1/dataset,"{""limit"": 10, ""q"": ""Hongos de Colombia""}",2026-09-18T23:17:45Z,200,f3bd652765d28bf01a97cefbfe4dd9324a63d83c933b87440279189f073c1794,data/raw/gbif/api/registry_search_hongos_col.json,count=81
gbif,registry_search_jbb,https://api.gbif.org/v1/dataset,"{""limit"": 10, ""q"": ""Fungario del Jard\u00edn Bot\u00e1nico Jos\u00e9 Celestino Mutis""}",2026-09-18T23:17:39Z,200,6b3d21b6570277a37dcad85f3585d5b454ae376159fdf1a905cae302fe879f24,data/raw/gbif/api/registry_search_jbb.json,count=0
gbif,registry_search_mitu,https://api.gbif.org/v1/dataset,"{""limit"": 10, ""q"": ""Mit\u00fa-Cachivera""}",2026-09-18T23:17:35Z,200,6b3d21b6570277a37dcad85f3585d5b454ae376159fdf1a905cae302fe879f24,data/raw/gbif/api/registry_search_mitu.json,count=0
gbif,species_2513008,https://api.gbif.org/v1/species/2513008,{},2026-09-18T23:19:15Z,200,a145eae038ca48e06a5eb5068243d2a92b0b0b1a43f69bc192c2745a4305b15e,data/raw/gbif/api/species_2513008.json,
gbif,species_2513009,https://api.gbif.org/v1/species/2513009,{},2026-09-18T23:19:18Z,200,103d9e5549d32d82963b214274edd9c4df09d59c5ceab309b54dd80ed8c926c5,data/raw/gbif/api/species_2513009.json,
gbif,species_2519084,https://api.gbif.org/v1/species/2519084,{},2026-09-18T23:19:16Z,200,41b96cf8a3265bbab1607804c0bdd3e4792ba52ffbb201fb518e743520210a60,data/raw/gbif/api/species_2519084.json,
gbif,species_2524283,https://api.gbif.org/v1/species/2524283,{},2026-09-18T23:19:18Z,200,c6845b84c8a573cd5ac754ddd728bd995587478bf88a768e68090f6ad76b6cdf,data/raw/gbif/api/species_2524283.json,
gbif,species_2524401,https://api.gbif.org/v1/species/2524401,{},2026-09-18T23:19:14Z,200,2355168c3f038d373f4f0b1d08e01cb6d02421737427b3ce6a7fc387f79293ce,data/raw/gbif/api/species_2524401.json,
gbif,species_2526675,https://api.gbif.org/v1/species/2526675,{},2026-09-18T23:19:16Z,200,eda0c5172c99188d602dbd4cbbafc3004d07a9c0ba15a3a4bbf366e91656bfb3,data/raw/gbif/api/species_2526675.json,
gbif,species_2526678,https://api.gbif.org/v1/species/2526678,{},2026-09-18T23:19:09Z,200,d7584bfe9d740a79284f3f82b3f1e14aab0d4b77a90f003f8009a4ab818e0e2b,data/raw/gbif/api/species_2526678.json,
gbif,species_2526775,https://api.gbif.org/v1/species/2526775,{},2026-09-18T23:19:08Z,200,9bccd67b8d800a6a18459ad1e71cd56d80bfea71049e9b89758b37338b7b4814,data/raw/gbif/api/species_2526775.json,
gbif,species_2529580,https://api.gbif.org/v1/species/2529580,{},2026-09-18T23:19:13Z,200,ae1c8b412bc9bf1620059c28bc985818347ceae73c57a312e66324d1a0867911,data/raw/gbif/api/species_2529580.json,
gbif,species_2533977,https://api.gbif.org/v1/species/2533977,{},2026-09-18T23:19:17Z,200,78f455e5ff7d4c97367ffd79817fbffcb88d65b9f1a99f4821c023f78dcd3dd9,data/raw/gbif/api/species_2533977.json,
gbif,species_2534558,https://api.gbif.org/v1/species/2534558,{},2026-09-18T23:19:11Z,200,6d5e9147f8bd442e21baccaf33bdb43a1a59bd81f4102818d5dee06735fa2f75,data/raw/gbif/api/species_2534558.json,
gbif,species_2535536,https://api.gbif.org/v1/species/2535536,{},2026-09-18T23:19:12Z,200,8f86ee8310ee8f1fd1b5dffbf49ade55fc67be7ea4e079186a6c15e2b68eb229,data/raw/gbif/api/species_2535536.json,
gbif,species_2565599,https://api.gbif.org/v1/species/2565599,{},2026-09-18T23:19:20Z,200,1b52d0f5292533e92887b188f9d1714c6fe7efda64ce2d0bfb0feb77c16d1d9c,data/raw/gbif/api/species_2565599.json,
gbif,species_2568748,https://api.gbif.org/v1/species/2568748,{},2026-09-18T23:19:15Z,200,5e10b488ece74148e68f041ddf5a34462ef35480287b91542fa8dafd8f309b56,data/raw/gbif/api/species_2568748.json,
gbif,species_2592639,https://api.gbif.org/v1/species/2592639,{},2026-09-18T23:19:10Z,200,95bd6d079082787befdcffeb7f2e119d3c17196cb68f9a5a6a1a8abda140520a,data/raw/gbif/api/species_2592639.json,
gbif,species_2594928,https://api.gbif.org/v1/species/2594928,{},2026-09-18T23:19:11Z,200,07649dcb71fe02b786368a6e2794e1e7bc81cf9a6bd6054a5902af3494f310aa,data/raw/gbif/api/species_2594928.json,
gbif,species_2600911,https://api.gbif.org/v1/species/2600911,{},2026-09-18T23:19:17Z,200,39eeb00e34137f4f86614869528eb2ba0696e6d960fbffb4d7783c5a891081f7,data/raw/gbif/api/species_2600911.json,
gbif,species_2601351,https://api.gbif.org/v1/species/2601351,{},2026-09-18T23:19:10Z,200,968d2640b353c9abbf6ffd396c7a475f130e20f582a63fa5cee8739001a08c17,data/raw/gbif/api/species_2601351.json,
gbif,species_2605434,https://api.gbif.org/v1/species/2605434,{},2026-09-18T23:19:12Z,200,0cbf2718c4d0079273933f63fe63978ba5c5afeb3644b08472bf869d196a2ca3,data/raw/gbif/api/species_2605434.json,
gbif,species_2605982,https://api.gbif.org/v1/species/2605982,{},2026-09-18T23:19:13Z,200,4488f8a79df5fda34f97133d5c839c3e46290e647e38ccaa7eefbc3a73fe0418,data/raw/gbif/api/species_2605982.json,
gbif,species_2607519,https://api.gbif.org/v1/species/2607519,{},2026-09-18T23:19:09Z,200,4b3adadec2cea16f81048f20c10dbd8b4ed5eaa732d42908be2e8c2c5e967e43,data/raw/gbif/api/species_2607519.json,
gbif,species_2608513,https://api.gbif.org/v1/species/2608513,{},2026-09-18T23:19:14Z,200,65782aa2ddf27e4f0fcd6fadc1e1ee091e7bd53e56e2bdede67195b556cd7efa,data/raw/gbif/api/species_2608513.json,
gbif,species_5239475,https://api.gbif.org/v1/species/5239475,{},2026-09-18T23:19:08Z,200,4b43306c669489217b641c6f1081f3fa09c4d83a11826dfe683096ff57ab9863,data/raw/gbif/api/species_5239475.json,
gbif,species_6005964,https://api.gbif.org/v1/species/6005964,{},2026-09-18T23:19:07Z,200,519f61f656b56dcc2b61502982c254bb7e40a5e1b3b0db8d5620543468f24a42,data/raw/gbif/api/species_6005964.json,
gbif,species_7984308,https://api.gbif.org/v1/species/7984308,{},2026-09-18T23:19:19Z,200,c44c04783b3d421f78b3881241a7987d9395353a8edaa1338341de6c06371077,data/raw/gbif/api/species_7984308.json,
gbif,top_genus_names_index,https://api.gbif.org/v1/species/{key},{},2026-09-19T00:12:56Z,200,aded515b082c40ca6f0103573106625fb5bc10cb0b3eab6660ca98cbef319fe6,data/raw/gbif/api/top_genus_names_index.json,25 géneros
inaturalist_api,obs_fungi_co_all,https://api.inaturalist.org/v1/observations,"{""per_page"": 0, ""place_id"": 7196, ""taxon_id"": 47170}",2026-09-18T23:00:05Z,200,3a4b5e48d3f208a27a909aed12e20c3943f1fbbb0fe85d7511eef2846728d385,data/raw/inaturalist_api/api/obs_fungi_co_all.json,total_results=127886
inaturalist_api,obs_fungi_co_photos,https://api.inaturalist.org/v1/observations,"{""per_page"": 0, ""photos"": ""true"", ""place_id"": 7196, ""taxon_id"": 47170}",2026-09-18T23:00:08Z,200,e649a81a250da3f4e6ff01d57e9f4aa56b2b0d3cbdba5ac14d8d21af2786bed2,data/raw/inaturalist_api/api/obs_fungi_co_photos.json,total_results=127632
inaturalist_api,obs_fungi_co_random_sample200,https://api.inaturalist.org/v1/observations,"{""order_by"": ""random"", ""per_page"": 200, ""photos"": ""true"", ""place_id"": 7196, ""quality_grade"": ""research"", ""taxon_id"": 47170}",2026-09-18T23:00:27Z,200,316b6b5c56d90f3a36c19f787f980a6260024e416ef54eca7504cc6f07b16069,data/raw/inaturalist_api/api/obs_fungi_co_random_sample200.json,total_results=16480
inaturalist_api,obs_fungi_co_research,https://api.inaturalist.org/v1/observations,"{""per_page"": 0, ""place_id"": 7196, ""quality_grade"": ""research"", ""taxon_id"": 47170}",2026-09-18T23:00:06Z,200,faee87505c8d87e035ce9222e9cadf47331593476c6ef9f3e0b9f7338ad75d6c,data/raw/inaturalist_api/api/obs_fungi_co_research.json,total_results=16480
inaturalist_api,obs_fungi_co_research_photolic_cc0,https://api.inaturalist.org/v1/observations,"{""per_page"": 0, ""photo_license"": ""cc0"", ""place_id"": 7196, ""quality_grade"": ""research"", ""taxon_id"": 47170}",2026-09-18T23:00:14Z,200,6d940b442f37a1d8f9f198b41c687800b2ad59ed70d6ce385e0da491caf6830b,data/raw/inaturalist_api/api/obs_fungi_co_research_photolic_cc0.json,total_results=149
inaturalist_api,obs_fungi_co_research_photolic_cc_by,https://api.inaturalist.org/v1/observations,"{""per_page"": 0, ""photo_license"": ""cc-by"", ""place_id"": 7196, ""quality_grade"": ""research"", ""taxon_id"": 47170}",2026-09-18T23:00:16Z,200,f319f11f77ce95899450eea3c02522112c4f5bdcdb94d16da7f174f7e96e3c32,data/raw/inaturalist_api/api/obs_fungi_co_research_photolic_cc_by.json,total_results=1201
inaturalist_api,obs_fungi_co_research_photolic_cc_by_nc,https://api.inaturalist.org/v1/observations,"{""per_page"": 0, ""photo_license"": ""cc-by-nc"", ""place_id"": 7196, ""quality_grade"": ""research"", ""taxon_id"": 47170}",2026-09-18T23:00:17Z,200,4764cc8cb1bdcbf6614a24394bb1c3b64c9e0156ab4e96ca0712d2c56a68e64b,data/raw/inaturalist_api/api/obs_fungi_co_research_photolic_cc_by_nc.json,total_results=8443
inaturalist_api,obs_fungi_co_research_photolic_cc_by_nc_nd,https://api.inaturalist.org/v1/observations,"{""per_page"": 0, ""photo_license"": ""cc-by-nc-nd"", ""place_id"": 7196, ""quality_grade"": ""research"", ""taxon_id"": 47170}",2026-09-18T23:00:22Z,200,e424eaea2ab9d159700d554456fd99e429588084e79221559ebfbe95f1cd70c6,data/raw/inaturalist_api/api/obs_fungi_co_research_photolic_cc_by_nc_nd.json,total_results=271
inaturalist_api,obs_fungi_co_research_photolic_cc_by_nc_sa,https://api.inaturalist.org/v1/observations,"{""per_page"": 0, ""photo_license"": ""cc-by-nc-sa"", ""place_id"": 7196, ""quality_grade"": ""research"", ""taxon_id"": 47170}",2026-09-18T23:00:21Z,200,ce8392b7976c63b3d4fef94d40c6481c371bb6dbee776b2ff23db102f6ae4c45,data/raw/inaturalist_api/api/obs_fungi_co_research_photolic_cc_by_nc_sa.json,total_results=319
inaturalist_api,obs_fungi_co_research_photolic_cc_by_nd,https://api.inaturalist.org/v1/observations,"{""per_page"": 0, ""photo_license"": ""cc-by-nd"", ""place_id"": 7196, ""quality_grade"": ""research"", ""taxon_id"": 47170}",2026-09-18T23:00:20Z,200,6d5241d617547e9071269bcdd552d4de238e80032eb61a725c8de5614bae1bb2,data/raw/inaturalist_api/api/obs_fungi_co_research_photolic_cc_by_nd.json,total_results=104
inaturalist_api,obs_fungi_co_research_photolic_cc_by_sa,https://api.inaturalist.org/v1/observations,"{""per_page"": 0, ""photo_license"": ""cc-by-sa"", ""place_id"": 7196, ""quality_grade"": ""research"", ""taxon_id"": 47170}",2026-09-18T23:00:18Z,200,ab63f504ea59dc64ccbed2002ef75fccbe94568b68378b69b658b0c0da097c7f,data/raw/inaturalist_api/api/obs_fungi_co_research_photolic_cc_by_sa.json,total_results=114
inaturalist_api,obs_fungi_co_research_photos_licensed,https://api.inaturalist.org/v1/observations,"{""per_page"": 0, ""photo_licensed"": ""true"", ""photos"": ""true"", ""place_id"": 7196, ""quality_grade"": ""research"", ""taxon_id"": 47170}",2026-09-18T23:00:09Z,200,72039e8485e616807a633398c8c5c245dd9e5ff62fdc28fe5e212ea04f122cd2,data/raw/inaturalist_api/api/obs_fungi_co_research_photos_licensed.json,total_results=10600
inaturalist_api,obs_fungi_world,https://api.inaturalist.org/v1/observations,"{""per_page"": 0, ""taxon_id"": 47170}",2026-09-18T23:00:04Z,200,3333f0f1a763e4bcf3a677f47c291d1cbbd7b3e56d80c68223a2f0472a2f8dd5,data/raw/inaturalist_api/api/obs_fungi_world.json,total_results=22112045
inaturalist_api,place_colombia,https://api.inaturalist.org/v1/places/autocomplete,"{""q"": ""Colombia""}",2026-09-18T23:00:01Z,200,4debbd97a1fe75cd93470a2e0488e22f5e686c72b3cbb1f1b28fca38b7c731bd,data/raw/inaturalist_api/api/place_colombia.json,total_results=80
inaturalist_api,species_counts_co_all,https://api.inaturalist.org/v1/observations/species_counts,"{""per_page"": 0, ""place_id"": 7196, ""taxon_id"": 47170}",2026-09-18T23:00:12Z,200,83f0d61b74128c63cd908e0fdbbef4741c03ff81fc8d0bcb8abb19abdada80ca,data/raw/inaturalist_api/api/species_counts_co_all.json,total_results=2447
inaturalist_api,species_counts_co_any_p1,https://api.inaturalist.org/v1/observations/species_counts,"{""page"": 1, ""per_page"": 500, ""place_id"": 7196, ""taxon_id"": 47170}",2026-09-18T23:18:53Z,200,0f4d72a2776d12be06faaed76e7b66757dc6b393ffb90255b3771e27b438ec32,data/raw/inaturalist_api/api/species_counts_co_any_p1.json,total_results=2447
inaturalist_api,species_counts_co_any_p2,https://api.inaturalist.org/v1/observations/species_counts,"{""page"": 2, ""per_page"": 500, ""place_id"": 7196, ""taxon_id"": 47170}",2026-09-18T23:18:55Z,200,d9f04ff794c25277aa64759bfe5ac55811c9a4d55399508ca1de0395467c513f,data/raw/inaturalist_api/api/species_counts_co_any_p2.json,total_results=2447
inaturalist_api,species_counts_co_any_p3,https://api.inaturalist.org/v1/observations/species_counts,"{""page"": 3, ""per_page"": 500, ""place_id"": 7196, ""taxon_id"": 47170}",2026-09-18T23:18:57Z,200,33a6336d81160b240595600991bb32cbd244bdcd35388ec7318bce44bdd1bcdd,data/raw/inaturalist_api/api/species_counts_co_any_p3.json,total_results=2447
inaturalist_api,species_counts_co_any_p4,https://api.inaturalist.org/v1/observations/species_counts,"{""page"": 4, ""per_page"": 500, ""place_id"": 7196, ""taxon_id"": 47170}",2026-09-18T23:18:59Z,200,5d9154fcf1bc021ed847b1e51de82d50b6f1557c148655a719aea25b13be5a1a,data/raw/inaturalist_api/api/species_counts_co_any_p4.json,total_results=2447
inaturalist_api,species_counts_co_any_p5,https://api.inaturalist.org/v1/observations/species_counts,"{""page"": 5, ""per_page"": 500, ""place_id"": 7196, ""taxon_id"": 47170}",2026-09-18T23:19:01Z,200,0e763e147562c90d4f3bd944c73c42d92a86b57ba543e1a2b319101353a262c0,data/raw/inaturalist_api/api/species_counts_co_any_p5.json,total_results=2447
inaturalist_api,species_counts_co_research,https://api.inaturalist.org/v1/observations/species_counts,"{""per_page"": 0, ""place_id"": 7196, ""quality_grade"": ""research"", ""taxon_id"": 47170}",2026-09-18T23:00:13Z,200,7cf4c94e715cb3ba7da3c5f5c7596fb76e00656cfa9ba76004b0687f69df0ce8,data/raw/inaturalist_api/api/species_counts_co_research.json,total_results=957
inaturalist_api,species_counts_co_research_p1,https://api.inaturalist.org/v1/observations/species_counts,"{""page"": 1, ""per_page"": 500, ""place_id"": 7196, ""quality_grade"": ""research"", ""taxon_id"": 47170}",2026-09-18T23:18:49Z,200,0474d16c6b7cbfed32402cb40aacee9bb340e5d34f66b70030bd60093c7ecd78,data/raw/inaturalist_api/api/species_counts_co_research_p1.json,total_results=957
inaturalist_api,species_counts_co_research_p2,https://api.inaturalist.org/v1/observations/species_counts,"{""page"": 2, ""per_page"": 500, ""place_id"": 7196, ""quality_grade"": ""research"", ""taxon_id"": 47170}",2026-09-18T23:18:51Z,200,d898e5e117059917b031074ede68ddce28f2da86824396f2390a38b426fa3b4e,data/raw/inaturalist_api/api/species_counts_co_research_p2.json,total_results=957
inaturalist_api,taxon_fungi,https://api.inaturalist.org/v1/taxa,"{""q"": ""Fungi"", ""rank"": ""kingdom""}",2026-09-18T23:00:02Z,200,e65ed19e0ada380547e0121f0311abb7fbc16a75c5f388d6dc8b6e513e2137cf,data/raw/inaturalist_api/api/taxon_fungi.json,total_results=1
inaturalist_open_data,s3_head_probes,https://inaturalist-open-data.s3.amazonaws.com,{},2026-09-19T00:12:52Z,200,3fc53364fc78af50575ec6e76dccb16535b19079b497e93eb133aa79f761431b,data/raw/inaturalist_open_data/api/s3_head_probes.json,Solo HEAD; las tablas grandes NO se descargaron
mind_funga_v2,mendeley_dataset,https://data.mendeley.com/public-api/datasets/sfrbdjvxcc,"{""Accept"": ""application/vnd.mendeley-public-dataset.1+json""}",2026-09-18T22:50:00Z,200,24a1212cb408c9463258f3296e05bf4222588dcffef582e5a2a84b26092b8f90,data/raw/mind_funga_v2/api/mendeley_dataset.json,version=2; obtenido con curl el 2026-09-18 ~22:50Z; posteriormente Cloudflare respondió con desafío 403 a clientes automatizados
sources_documentation,reachability_probes,various,{},2026-09-19T00:13:36Z,200,6d9552407d6946902b6e385b15cb84e6af31a793e89734715d5ec7546a701084,data/raw/sources_documentation/api/reachability_probes.json,20 URLs
